{"cameraMode":{"drawMode":0,"name":"Shaded","section":"Shading Mode"},"sceneLighting":true,"audioPlay":false,"sceneViewState":{"m_AlwaysRefresh":false,"showFog":true,"showSkybox":true,"showFlares":true,"showImageEffects":true,"showParticleSystems":true,"showVisualEffectGraphs":true,"m_FxEnabled":true},"in2DMode":false,"pivot":{"x":11.423316955566407,"y":-59.50087356567383,"z":259.40411376953127},"rotation":{"x":0.12056919932365418,"y":0.02413424476981163,"z":-0.0029256180860102178,"w":0.9924092888832092},"size":151.7713623046875,"orthographic":false}